source_id	vendor	component	document_or_product_url	local_file	retrieved_on	status	sha256	notes
SPEC-A4-PLUS	Ambiq	Apollo4 Plus SoC	https://ambiq.com/wp-content/uploads/2022/03/Apollo4-Plus-SoC-Datasheet.pdf	vendor/ambiq-apollo4-plus-datasheet.pdf	2026-08-18	downloaded	e0c60833dc4573fcae6fde886d059238f00a40599d3a3e74283ac62e662710e5	Official datasheet; use for architectural capabilities, not exact watch package identification.
SPEC-ARMV7M	Arm	Armv7-M architecture	https://documentation-service.arm.com/static/5f8fedcbf86e16515cdbf30f	vendor/armv7-m-architecture-reference-manual.pdf	2026-08-18	downloaded	039bf5e51fe93b2e0525ecc0375940079fa8f03865d624978fbe51826c2d3d3a	Official non-confidential architecture reference used for the Cortex-M execution model.
SPEC-MX25L256	Macronix	MX25L25645G-class serial NOR	https://www.macronix.com/Lists/Datasheet/Attachments/9113/MX25L25645G%2C%203V%2C%20256Mb%2C%20v1.2.pdf	-	2026-08-18	web-only	-	Official direct PDF endpoint returned 404 during retrieval; official product and technical-documentation pages remain linked in the component note.
SPEC-LSM6DSL	STMicroelectronics	LSM6DSL IMU	https://www.st.com/resource/en/datasheet/lsm6dsl.pdf	-	2026-08-18	web-only	-	Official PDF is publicly readable, but the ST download endpoint stalled from the local network during retrieval.
SPEC-OPT3007	Texas Instruments	OPT3007 ambient-light sensor	https://www.ti.com/lit/ds/symlink/opt3007.pdf	vendor/ti-opt3007-datasheet.pdf	2026-08-18	downloaded	d1fd319d94df5daed357ae1ce1b0dc03a69cb133d8f3a652a29c00f4a9e14a09	Official datasheet.
SPEC-TLI493D	Infineon	TLI493D-W2BW Hall sensor	https://www.infineon.com/assets/row/public/documents/24/49/infineon-tli493d-w2bw-datasheet-en.pdf	vendor/infineon-tli493d-w2bw-datasheet.pdf	2026-08-18	downloaded	147c33d3441349a7f8ced9223eb6cd0ebc94b5abd63d356a4db297ab61870f4f	Official datasheet.
SPEC-MAX17050	Analog Devices / Maxim	MAX17050 fuel gauge	https://www.analog.com/media/en/technical-documentation/data-sheets/MAX17047-MAX17050.pdf	-	2026-08-18	web-only	-	Official PDF is publicly readable, but the Analog Devices download endpoint stalled from the local network during retrieval.
SPEC-HSPPAD143A	Alps Alpine	HSPPAD143A pressure sensor	https://tech.alpsalpine.com/cms.media/product_spec_hsppad143a_en_5eeea99882.pdf	vendor/alps-hsppad143a-datasheet.pdf	2026-08-18	downloaded	78e0d3661f78b3f574bc88802775638dd7edcf9c2a3fb730eb4a2ee8bf437a39	Official product specification; Sapporo firmware identifies the HSPPAD143 family, not a suffix.
SPEC-HSPPAD143C	Alps Alpine	HSPPAD143C product information	https://www.alpsalpine.com/cms.media/eu_news_2022_0908_01_info_8e0c6abbb2.pdf	-	2026-08-18	web-only	-	Official product-information PDF found during research; used to document the family/suffix ambiguity.
SPEC-HSPPAD148A	Alps Alpine	HSPPAD148A pressure sensor	https://tech.alpsalpine.com/cms.media/product_spec_hsppad148a_en_57a696e967.pdf	vendor/alps-hsppad148a-datasheet.pdf	2026-08-18	downloaded	314073c822fa4e67706ae66148c2e1994ae7e817402a8867b3be59cc83c78a93	Official datasheet for the Ulsan pressure identity.
SPEC-CXD5610	Sony Semiconductor Solutions	CXD5610GF GNSS receiver	https://www.sony-semicon.com/en/products/lsi-ic/gps.html	-	2026-08-18	web-only	-	Official product page exposes public specifications. The CXD5610 data-sheet link requires registration and was not bypassed.
SPEC-NEMA-P	Think Silicon	NEMA|p 2D GPU IP	https://www.think-silicon.com/managed_images/News/Think-Silicon_PR_NEMA_p_-FINALE.pdf	-	2026-08-18	web-only	-	Official press release is publicly indexed, but the server rejects direct PDF retrieval. It is background only; the watch register contract comes from firmware evidence.
SPEC-LSM6DSOX	STMicroelectronics	LSM6DSOX IMU	https://www.st.com/resource/en/datasheet/lsm6dsox.pdf	-	2026-08-18	web-only	-	Official PDF is publicly readable, but the ST download endpoint stalled from the local network during retrieval.
SPEC-LIS2MDL	STMicroelectronics	LIS2MDL magnetometer	https://www.st.com/resource/en/datasheet/lis2mdl.pdf	-	2026-08-18	web-only	-	Official PDF and product page are public; the ST download endpoint stalled from the local network during retrieval.
SPEC-MAX20360	Analog Devices / Maxim	MAX20360 wearable PMIC	https://www.analog.com/media/en/technical-documentation/data-sheets/max20360.pdf	-	2026-08-18	web-only	-	Official product page and datasheet are public; the Analog Devices download endpoint stalled from the local network during retrieval.
