watch_family	codename	component	identity_or_function	bus_or_interface	address_or_pin	status	evidence	public_spec	notes
Suunto 9 Peak Pro	Sapporo	MCU	Ambiq Apollo4-family SoC; exact SKU/package unproven	integrated MCU	platform memory map	confirmed	../suunto-firmware/docs/research/sapporo-2.22-startup-peripheral-map.md	SPEC-A4-PLUS;SPEC-ARMV7M	The emulator uses the upstream Apollo4 platform model and evidence-scoped extensions.
Suunto 9 Peak Pro	Sapporo	GPU	NEMA|p-class 2D graphics block; module ID 0x86362000	Apollo4 NEMA bus	0x40090000 IRQ28	confirmed	plans/evidence/phase3-5.tsv:E-NEMA-RING-001;E-NEMA-LISTS-001	SPEC-NEMA-P	The exact licensed IP revision and undocumented registers are not inferred.
Suunto 9 Peak Pro	Sapporo	External serial NOR	Macronix MX25L256-class; JEDEC 20 BB 19; 32 MiB	MSPI2	0x40062000 IRQ22; flash backing at 0x14000000	confirmed	plans/evidence/phase3-5.tsv:E-SAP-FLASH-001	SPEC-MX25L256	Firmware also observes 0x0c reads and 0x9f identification; the exact package suffix is unproven.
Suunto 9 Peak Pro	Sapporo	GNSS receiver	Sony CXD5610 family; firmware uses CXD5610GF driver naming	UART1 921600 8N1	0x4001d000 IRQ16; awake GPIO24	confirmed	plans/evidence/phase3-5.tsv:E-SAP-CXD5610-001;../suunto-firmware/docs/research/cxd5610-gps-boundary.md	SPEC-CXD5610	Public product specs exist; the exact GF/GG package on the watch is not physically confirmed.
Suunto 9 Peak Pro	Sapporo	Pressure sensor	Alps Alpine HSPPAD143 family	IOM2 I2C	0x48; identity 0x49; variant 0xe0	confirmed	plans/evidence/phase3-5.tsv:E-SAP-HSPPAD143-001	SPEC-HSPPAD143A;SPEC-HSPPAD143C	Firmware does not expose the A/C suffix; do not collapse this into a suffix claim.
Suunto 9 Peak Pro	Sapporo	Optical heart-rate transport	OHR2; silicon identity unresolved	IOM2 framed transport	0x10; ready GPIO62	confirmed-transport	plans/evidence/phase3-5.tsv:E-SAP-OHR2-001	-	The transport and handshake are proven; the optical sensor IC is not.
Suunto 9 Peak Pro	Sapporo	IMU	ST LSM6DSL	IOM0 SPI	chip-select 0; WHO_AM_I 0x6a	confirmed	plans/evidence/phase3-5.tsv:E-SAP-LSM6DSL-001	SPEC-LSM6DSL	The emulator models observed startup/FIFO behavior, not motion data.
Suunto 9 Peak Pro	Sapporo	Wrist magnetometer	Infineon TLI493D-W2BW family	IOM2 I2C	0x35	confirmed	plans/evidence/phase3-5.tsv:E-SAP-TLI493D-001	SPEC-TLI493D	The exact A2/revision suffix is not proven.
Suunto 9 Peak Pro	Sapporo	Ambient-light sensor	Texas Instruments OPT3007	IOM3 I2C	0x45	confirmed	plans/evidence/phase3-5.tsv:E-SAP-OPT3007-001	SPEC-OPT3007	Zero-lux values in the emulator are deterministic fixtures.
Suunto 9 Peak Pro	Sapporo	Fuel gauge	Analog Devices / Maxim MAX17050	IOM4 I2C	0x36	confirmed	plans/evidence/phase3-5.tsv:E-SAP-MAX17050-001	SPEC-MAX17050	Battery values are host fixtures; cell characterization is unavailable.
Suunto 9 Peak Pro	Sapporo	Haptic / power endpoint	Part identity unresolved	IOM4 I2C	0x50 haptic; 0x28 observed power endpoint	unresolved	plans/evidence/phase3-5.tsv:E-SAP-HAPTIC-001;E-A4-IOM-001	-	Do not label the haptic endpoint as a MAX20360 without new evidence.
Suunto 9 Peak Pro	Sapporo	Display controller and panel	Apollo4 DIAP4/MSPI1 transport; physical panel controller unresolved	MSPI1 / DIAP4	0x40061000; IRQ21; panel identity unknown	transport-confirmed	plans/evidence/phase3-5.tsv:E-SAP-PANEL-001;E-NEMA-PANEL-001	-	Renderer frames are not physical-panel captures.
Suunto 9 Peak Pro	Sapporo	Touch controller	Identity unresolved	unknown	unknown	unresolved	../suunto-firmware/docs/research/native-panel-transport.md	-	The current evidence does not assign a touch IC.
Suunto 9 Peak Pro	Sapporo	Board controls	Three active-low buttons and backlight PWM	Apollo4 GPIO / CTIMER	GPIO57/58/59; CTIMER9	confirmed-function	plans/evidence/phase3-5.tsv:E-SAP-BUTTONS-001;E-SAP-BACKLIGHT-001	SPEC-A4-PLUS	These are board functions, not separate component identities.
Suunto Vertical	Rostock	MCU and attached components	Apollo4-family firmware family; exact board BOM unresolved	unknown	unknown	platform-only	../suunto-firmware/docs/research/multi-product-firmware-archive.md	SPEC-A4-PLUS;SPEC-ARMV7M	Five exact SOFs are retained, but no component-level public board inventory is promoted.
Suunto Race	Tianjin	MCU and attached components	Apollo4-family firmware family; external-flash tail observed; board BOM unresolved	MSPI/storage boundary	resource tail begins at logical 0x00040000	platform-only	../suunto-firmware/docs/research/multi-product-firmware-archive.md	SPEC-A4-PLUS;SPEC-MX25L256	One exact SOF is retained; sensor and panel identities remain open.
Suunto Race S	Ulsan	MCU	Ambiq Apollo4 Plus platform; exact package unproven	integrated MCU	Plus SRAM apertures 0x10160000 and 0x101c0000	confirmed-platform	../suunto-firmware/emulator/devices/ulsan/ulsan-platform.repl	SPEC-A4-PLUS;SPEC-ARMV7M	Ulsan is intentionally not modeled by inheriting Sapporo board devices.
Suunto Race S	Ulsan	Pressure sensor	Alps Alpine HSPPAD148A	IOM4 I2C	0x28	confirmed-boundary	../suunto-firmware/emulator/renode/pressure/UlsanHsppad148A.cs	-	This is a Ulsan-specific boundary identity; public HSPPAD148A documentation still needs to be collected.
Suunto Race S	Ulsan	IMU	ST LSM6DSOX	IOM0 SPI	chip-select 0	confirmed-boundary	../suunto-firmware/emulator/renode/accelerometer/UlsanLsm6Dsox.cs	-	The IMU also exposes observed LIS2MDL sensor-hub traffic.
Suunto Race S	Ulsan	Magnetometer	ST LIS2MDL via LSM6DSOX sensor hub	LSM6DSOX sensor hub	SLV0 address 0x3d; sub-address 0x4f	confirmed-boundary	../suunto-firmware/emulator/renode/accelerometer/UlsanLsm6Dsox.cs	-	The sensor-hub path is proven; the board package is not separately inspected.
Suunto Race S	Ulsan	Optical heart-rate transport	OHR2; silicon identity unresolved	IOM2 framed transport	transport included in native profile	confirmed-transport	../suunto-firmware/emulator/devices/ulsan/ulsan-2.35.36.resc	-	Transport reuse does not prove the optical module SKU.
Suunto Race S	Ulsan	Fuel gauge	MAX17050-compatible traffic	IOM4 I2C	0x36	boundary-confirmed	../suunto-firmware/emulator/devices/ulsan/README.md	SPEC-MAX17050	The profile records a compatible transaction, not a physical teardown.
Suunto Race S	Ulsan	Power / PMIC endpoint	Identity unresolved; register 0x28 traffic observed	IOM4 I2C	0x28	unresolved	../suunto-firmware/emulator/devices/ulsan/README.md	-	Do not merge this with Sapporo's haptic endpoint.
Suunto Race S	Ulsan	External serial NOR	Macronix-compatible JEDEC c2 25 39; exact part unresolved	MSPI1 XIP	0x18000000; logical tail 0x00040000..0x01ffffff	boundary-confirmed	../suunto-firmware/emulator/devices/ulsan/README.md;ulsan-storage.repl	SPEC-MX25L256	The ID differs from Sapporo's and must not be substituted.
Suunto Race S	Ulsan	Display controller and panel	NemaDC/display identity 0x87452365; physical panel unresolved	display controller / MSPI1	panel identity register 0x400a00f4	boundary-confirmed	../suunto-firmware/docs/research/ulsan-244-panel-self-test.md	-	The seven-color panel self-test is not the recovered application UI.
Suunto Race S	Ulsan	External media	Apollo4 SDIO/eMMC host; media part unresolved	SDIO	0x40070000	platform-only	../suunto-firmware/docs/research/ulsan-sdio-emmc-boundary.md	SPEC-A4-PLUS	Public OTA lacks the complete eMMC/FAT volume.
Suunto Race S	Ulsan	GNSS receiver	CXD5610 transport observed in later native UI probes; exact board package unresolved	UART transport	UART identity not independently pinned in the Ulsan platform file	boundary-only	../suunto-firmware/emulator/devices/ulsan/ulsan-2.44.52-native-ui-trace.resc	SPEC-CXD5610	Keep this separate from Sapporo's stronger UART1 evidence until a Ulsan hardware trace is promoted.
Suunto Race 2	Wismar	MCU	Ambiq Apollo4 platform; exact package unproven	integrated MCU	minimal Wismar memory map	confirmed-platform	../suunto-firmware/emulator/devices/wismar/wismar-platform.repl	SPEC-A4-PLUS;SPEC-ARMV7M	Wismar uses a local NVIC priority mask and local memory apertures.
Suunto Race 2	Wismar	Power-management IC	MAX20360 path observed in native startup	IOM4 I2C	board address not promoted here	boundary-confirmed	../suunto-firmware/emulator/devices/wismar/README.md	-	This is the strongest Wismar-specific device identity currently available.
Suunto Race 2	Wismar	External storage	External-flash XIP aperture; exact flash part unresolved	MSPI/XIP	0x18000000 size 0x02000000	platform-only	../suunto-firmware/emulator/devices/wismar/wismar-platform.repl	SPEC-MX25L256	The address-space fact is proven; it is not a Macronix part claim.
Suunto Race 2	Wismar	Sensor set	HSPPAD143/LPS22, OHR2, LSM6DSL, TLI493D, haptic, OPT3007 endpoints reused by boundary probes	mixed IOM buses	probe-specific	boundary-reuse-only	../suunto-firmware/emulator/devices/wismar/wismar-2.46.14.resc	SPEC-HSPPAD143A;SPEC-LSM6DSL;SPEC-TLI493D;SPEC-OPT3007	These inclusions are diagnostic coverage, not a verified Wismar BOM.
Suunto Race 2	Wismar	Display/panel	Display transport boundary reached; panel identity unresolved	MSPI1	unknown	unresolved	../suunto-firmware/emulator/devices/wismar/README.md	-	No physical panel controller is promoted.
Suunto Vertical 2	Xiamen	Watch-specific components	No exact public SOF or board-level component inventory validated yet	unknown	unknown	unresolved	../suunto-firmware/emulator/devices/xiamen/README.md;../suunto-firmware/docs/research/multi-product-firmware-archive.md	-	Do not infer Xiamen hardware from Sapporo, Ulsan, or Wismar.
