id	status	product	firmware_sha256	source_path	source_symbol	trace_path	trace_sha256	observation	negative_evidence
E-A4-CLK-001	verified	Sapporo 2.22.60.3383-P	00eba9e7e2a06263894d11030692daf6f3744f8937d84e0f3ff3c078b0516f41	../suunto-firmware/emulator/renode/suunto-sapporo.repl;../suunto-firmware/emulator/renode/coldboot/apollo4-unpatched-execution-probe.resc;../suunto-firmware/emulator/renode/coldboot/run-apollo4-unpatched-clock-reset-evidence.sh	clkgen_sapporo	../suunto-firmware/emulator/results/sapporo-apollo4-coldboot-clock-reset-unpatched.trace	dfde9a16d1947c033c3ba8e9a5e2b45d8dbed735c9c6c3856abe7fc3045f9b75	verified: the reproducible raw-component-4 cold-boot trace records the authentic clock-generator access sequence across two SYSRESETREQ reset cycles: offset 0x44 read 0x0, write 0xF80000, read 0xF80000, write 0xF80040, and offset 0x0c read 0x0, write 0x0; offset 0x84 is never accessed by firmware.	Only the observed 0x44/0x0c offset values and access order are promoted; the permissive Python register model defines no register semantics, and unobserved offsets including 0x84 remain unsupported.
E-A4-PWR-001	verified	Sapporo 2.22.60.3383-P	00eba9e7e2a06263894d11030692daf6f3744f8937d84e0f3ff3c078b0516f41	../suunto-firmware/emulator/renode/peripherals/SapporoApollo4Extensions.cs	SapporoApollo4PowerController.ReadDoubleWord/WriteDoubleWord/Reset	../suunto-firmware/emulator/results/sapporo-apollo4-mmio.trace	82a435c30af1175bd6ef38d6d21663c02aa5a04f2815dc4420377a72ea23d397	verified: the reproducible filtered firmware run records ordered performance request/status polling, device/NEMA enable/status, SRAM enable and retention, SIMO/VR status, and repeated reads/writes through the Apollo4 power controller.	Only the observed offsets and polling order are promoted; unobserved power interrupts, unrelated offsets, and physical electrical power behavior remain unsupported. The Renode startup uses explicit synthetic GPS/storage fixtures.
E-A4-RST-001	verified	Sapporo 2.22.60.3383-P	00eba9e7e2a06263894d11030692daf6f3744f8937d84e0f3ff3c078b0516f41	../suunto-firmware/emulator/renode/sapporo.resc;../suunto-firmware/emulator/renode/suunto-sapporo.repl;../suunto-firmware/emulator/renode/coldboot/apollo4-unpatched-execution-probe.resc;../suunto-firmware/emulator/renode/coldboot/run-apollo4-unpatched-clock-reset-evidence.sh	reset; mcu_ctrl_sapporo; clkgen_sapporo; raw-component-4 unpatched cold-boot evidence runner	../suunto-firmware/emulator/results/sapporo-apollo4-coldboot-clock-reset-unpatched.trace	dfde9a16d1947c033c3ba8e9a5e2b45d8dbed735c9c6c3856abe7fc3045f9b75	verified: the reproducible raw-component-4 cold-boot trace records vector MSP 0x1005ffc0/reset 0x0001de95, two complete SYSRESETREQ reset cycles via AIRCR 0x05FA0004, six CHIPREV offset 0x0c reads returning 0x21, SCB accesses to ICSR/CFSR/HFSR/AIRCR, MCU control reads/writes across 20 offsets, and clock-generator offsets 0x44/0x0c; reset re-entry at handoff 0x001A2430/reset-body 0x001A2438 is deterministic.	The trace records Renode model responses for unobserved MCU control registers (all return 0x0 except CHIPREV); reset callback ordering and CPU reset semantics are emulator implementation concerns, not firmware evidence.
E-A4-GPIO-001	verified	Sapporo 2.22.60.3383-P	00eba9e7e2a06263894d11030692daf6f3744f8937d84e0f3ff3c078b0516f41	../suunto-firmware/.tools/renode/Renode.app/Contents/MacOS/platforms/cpus/ambiq-apollo4.repl;../suunto-firmware/emulator/renode/suunto-sapporo.repl;../suunto-firmware/emulator/renode/startup/apollo4-gpio-edge-trace.resc.in	gpio InputRead0/InputRead1; MCUPriorityN0InterruptEnable0..3/Clear0..3; McuN0IrqBank0..3 -> nvic@56..59	../suunto-firmware/emulator/results/sapporo-apollo4-gpio-edge.trace	d8e7c7a7d73583525e6a10a7e794bce3698050889c3b1060754fbbad110fe2c6	verified: the reproducible firmware run records named GPIO pin-configuration, input-read, output, and MCU-priority interrupt enable/clear accesses after active-low GPIO 57/58/59 down/up injections; the Apollo4 platform wiring maps the four GPIO interrupt banks to NVIC 56–59.	Only the observed register names, bank masks, edge transcript, and IRQ routes are promoted; board pin policy, output observation, unobserved edge modes, and unknown offsets remain unsupported.
E-A4-TIMER-001	verified	Sapporo 2.22.60.3383-P	00eba9e7e2a06263894d11030692daf6f3744f8937d84e0f3ff3c078b0516f41	../suunto-firmware/emulator/renode/peripherals/SapporoApollo4Extensions.cs;../suunto-firmware/emulator/renode/peripherals/sapporo-extensions.repl	SapporoApollo4Timer.ReadDoubleWord/WriteDoubleWord/Reset; sapporo_timer	../suunto-firmware/emulator/results/sapporo-apollo4-mmio.trace	82a435c30af1175bd6ef38d6d21663c02aa5a04f2815dc4420377a72ea23d397	verified: the reproducible filtered firmware run records ordered CTIMER register accesses, compare/control writes, and assert/clear IRQ transitions with deterministic virtual-tick checkpoints for the used startup channels.	Only observed timer instances, offsets, values, and IRQ transitions are promoted; reset masks, unobserved modes/channels, and Renode's rejected CTIMER9 PWM output are unsupported.
E-A4-STIMER-001	verified	Sapporo 2.22.60.3383-P	00eba9e7e2a06263894d11030692daf6f3744f8937d84e0f3ff3c078b0516f41	../suunto-firmware/emulator/renode/peripherals/SapporoApollo4Extensions.cs;../suunto-firmware/emulator/renode/peripherals/sapporo-extensions.repl;../suunto-firmware/emulator/renode/startup/apollo4-stimer-trace.resc.in	Apollo4RetainedSystemTimer.ReadDoubleWord/WriteDoubleWord/Reset; sapporo_stimer; IRQA..IRQI	../suunto-firmware/emulator/results/sapporo-apollo4-stimer.trace	83fea0d66ea3c3596ca368ce3f86bd9a849d1753bf32dc829e00aa50b14898c2	verified: the reproducible firmware run records configuration/counter accesses at 0x00/0x04, compare writes/readbacks at 0x20/0x28, retained-word accesses at 0x50/0x54/0x5c, and 16,340 deterministic IRQ transitions on IRQA and IRQC with virtual-tick checkpoints; the cited wrapper Reset preserves four NVRAM words and routes IRQ A-I.	Only the observed register forms, masks, counter progression, retained NVRAM words, and A/C IRQ behavior are promoted; other compare channels, IRQ modes, physical retention, and unknown offsets remain unsupported.
E-A4-UART-001	verified	Sapporo 2.22.60.3383-P	00eba9e7e2a06263894d11030692daf6f3744f8937d84e0f3ff3c078b0516f41	../suunto-firmware/.tools/renode/Renode.app/Contents/MacOS/platforms/cpus/ambiq-apollo4.repl;../suunto-firmware/emulator/renode/gps/SapporoCxd5610Transport.cs;../suunto-firmware/emulator/renode/gps/sapporo-gps-transport.repl	ambiq-apollo4.repl: uart1 @ 0x4001d000 -> nvic@16; SapporoCxd5610Transport.WriteChar; uart1	../suunto-firmware/emulator/results/sapporo-apollo4-mmio.trace	82a435c30af1175bd6ef38d6d21663c02aa5a04f2815dc4420377a72ea23d397	verified: the reproducible filtered firmware run records the 0x4001d000 PL011 access order, divisor 0x1/0x28 setup, FIFO/status/interrupt-clear accesses, and 53 ordered CXD5610 TX/RX byte events through the first GPS exchange.	Only the observed UART1 register/FIFO/IRQ transcript is promoted; later GPS protocol, navigation, physical serial timing, and unobserved controller modes remain unsupported. The endpoint response is a deterministic synthetic fixture.
E-A4-IOM-001	verified	Sapporo 2.22.60.3383-P	00eba9e7e2a06263894d11030692daf6f3744f8937d84e0f3ff3c078b0516f41	../suunto-firmware/.tools/renode/Renode.app/Contents/MacOS/platforms/cpus/ambiq-apollo4.repl;../suunto-firmware/emulator/renode/iom/Apollo4IomDma.cs;../suunto-firmware/emulator/renode/iom4/SapporoApollo4Iom4.cs;../suunto-firmware/emulator/renode/coldboot/apollo4-iom-dma-boundary.resc.in;../suunto-firmware/emulator/renode/coldboot/run-apollo4-iom-dma-boundary-evidence.sh	ambiq-apollo4.repl: iom0..6 @ 0x40050000+0x1000 IRQ 6..12; Apollo4IomDma.ReadDoubleWord/WriteDoubleWord/RetireDirectCommand; SapporoApollo4Iom4.ReadDoubleWord/WriteDoubleWord	../suunto-firmware/emulator/results/sapporo-apollo4-iom-dma-boundary.trace	f9a02ffdc2ac41bab2cf32b58c5ee1723fa5468de01e3ee9b03f14b5075d95ea	verified: the reproducible payload-free authentic-firmware boundary trace records 410 native IOM requests across instances 0/2/3/4 and 207 IOM0 IRQ callbacks. The full register layout is evidenced: 28 MMIO offsets including command (0x120), FIFO push/pop (0x10c/0x108), interrupt enable/status/clear/set (0x200/0x204/0x208/0x20c), DMA trigger enable/status (0x210/0x214), DMA config/count/target/status (0x218/0x21c/0x220/0x224), and device config (0x2c4). IRQ callbacks record intstat 0x401/0x403, inten 0x4E7D, dmastat 0x02, trigstat 0x04. IOM bases 0x40050000+0x1000 and IRQs 6-12 are pinned by the Apollo4 platform file.	Only positive PIO/FIFO/IRQ behavior is promoted. IOM6 has no firmware traffic in this trace (base/IRQ defined in platform file only). Refusal/WAIT/atomicity forms are not observed; the emulator implements fail-closed refusals for unknown offsets/commands by policy, not by authentic evidence.
E-A4-MSPI-001	verified	Sapporo 2.22.60.3383-P	00eba9e7e2a06263894d11030692daf6f3744f8937d84e0f3ff3c078b0516f41	../suunto-firmware/emulator/renode/mspi1/SapporoApollo4Mspi1.cs;../suunto-firmware/emulator/renode/mspi2/SapporoApollo4Mspi2.cs;../suunto-firmware/emulator/renode/mspi1/sapporo-mspi1.repl;../suunto-firmware/emulator/renode/mspi2/sapporo-mspi2.repl	SapporoApollo4Mspi1.CompleteObservedCommand/CompleteObservedCommandQueue; SapporoApollo4Mspi2.ReadDoubleWord/WriteDoubleWord; 0x40061000->nvic@21; 0x40062000->nvic@22	../suunto-firmware/emulator/results/sapporo-apollo4-controller.trace	fda9932474d3715c07942e45d2a8e58182a3e21e5aadb9f2af5efea09328b98a	verified: the reproducible payload-free firmware trace records MSPI1 descriptor/control writes and 1,071 ordered DIAP4 completion records, plus MSPI2 command-control, DMA target/count, interrupt-status/clear, and 5,521 command-completion records at the documented bases and IRQs.	Only the observed descriptor/control forms, command-completion boundary, DMA metadata, and IRQ ordering are promoted; flash opcodes, payload bytes, unobserved queue counts, panel protocol, and refusal/timing modes remain unsupported.
E-A4-DMA-001	verified	Sapporo 2.22.60.3383-P	00eba9e7e2a06263894d11030692daf6f3744f8937d84e0f3ff3c078b0516f41	../suunto-firmware/emulator/renode/iom/Apollo4IomDma.cs;../suunto-firmware/emulator/renode/coldboot/apollo4-iom-dma-boundary.resc.in;../suunto-firmware/emulator/renode/coldboot/run-apollo4-iom-dma-boundary-evidence.sh	Apollo4IomDma.RetireDirectCommand; MSPI2 DMA completion/transfer logging; boundary runner	../suunto-firmware/emulator/results/sapporo-apollo4-iom-dma-boundary.trace	f9a02ffdc2ac41bab2cf32b58c5ee1723fa5468de01e3ee9b03f14b5075d95ea	verified: the reproducible payload-free authentic-firmware boundary trace records 5,521 MSPI2 command completions, 5,152 TX DMA records, and 5,340 RX DMA records. DMA direction bits (M2P=bit1 set, P2M=bit1 clear), count interpretation (min of DmaTotalCount and command size, mask 0xFFF), target address mask 0x1FFFFFFF, SRAM range 0x10000000-0x10267000, internal flash range 0x10000-0x200000 (M2P write only), DMA status bits (InProgress=0, Complete=1, Error=2), completion IRQ flag (bit 10), and trigger status (bit 2) are evidenced by the trace and C# model constants.	Only positive DMA transfer behavior is promoted. Endpoint WAIT/refusal, invalid-range no-partial mutation, and exactly-once callback behavior are not observed in the authentic trace; the emulator implements fail-closed bounds checking and atomic validation by policy, not by authentic evidence.
E-A4-MRAM-001	verified	Sapporo 2.22.60.3383-P	00eba9e7e2a06263894d11030692daf6f3744f8937d84e0f3ff3c078b0516f41	../suunto-firmware/emulator/renode/suunto-sapporo.repl	mram_ctrl; SapporoApollo4 MRAM startup access sequence	../suunto-firmware/emulator/results/sapporo-apollo4-core-mmio.trace	f33df75bc9c7f684760e4f4e6ba22f291696506dd58b8b5462a5da64135eee26	verified: the reproducible filtered firmware run records ordered 32-bit reads/writes at offsets 0x04, 0x08, 0x10, 0x14, 0x18, 0x1c, 0x50, 0x54, and 0x70, including reset-zero reads, write/readback values, and repeated control/status polling.	Only the observed control/status offsets, values, and exact readback behavior are promoted; MRAM array bytes, erase/program semantics, physical retention, unobserved masks, and unknown offsets remain unsupported.
E-SAP-PROFILE-001	verified	Sapporo 2.22.60.3383-P	00eba9e7e2a06263894d11030692daf6f3744f8937d84e0f3ff3c078b0516f41	../suunto-firmware/artifacts/analysis/sapporo-2.22.60/manifest.json	components[3..5]: expanded_sha256/load_address/expanded_size			static: exact SOF identity, component sizes, load addresses, and component hashes are present in the pinned local manifest.	Physical-watch factory pages and a cold-boot reset trace are not part of the profile metadata.
E-SAP-FLASH-001	missing	Sapporo 2.22.60.3383-P	00eba9e7e2a06263894d11030692daf6f3744f8937d84e0f3ff3c078b0516f41	../suunto-firmware/emulator/renode/mspi2/SapporoApollo4Mspi2.cs	SapporoApollo4Mspi2.CompleteObservedDma/ReadFlashByte	../suunto-firmware/emulator/results/sapporo-extflash-candidate.json	3e963613e5d0814ceb607a586c1caa2fc9234800bb6636fae042f7005b6ddc06	missing: the external-flash candidate is explicitly dimensional inference, not a physical-watch dump or byte-exact positive/negative opcode trace.	The OTA component hash is verified, but region placement, chip identity, status bits, and erase/program lifecycle remain unproven.
E-SAP-PANEL-001	missing	Sapporo 2.22.60.3383-P	00eba9e7e2a06263894d11030692daf6f3744f8937d84e0f3ff3c078b0516f41	../suunto-firmware/docs/research/native-panel-transport.md	DIAP4 dirty-rectangle path at 0xd515c; MSPI1 completion at 0xe4bb8	../suunto-firmware/emulator/results/sapporo-post-bsp-native-graphics.log	aba60d671fbbfdf0c0223785bdf2a693884ce7399a48fb347c69fc490025ea4d	missing: the static panel path and staging layout are known, but no native physical-panel byte capture proves controller commands, wire bit order, or full-frame completion.	Renderer RGB565 output and DIAP4 staging are not physical panel evidence.
E-SAP-BUTTONS-001	verified	Sapporo 2.22.60.3383-P	00eba9e7e2a06263894d11030692daf6f3744f8937d84e0f3ff3c078b0516f41	../suunto-firmware/docs/research/sapporo-2.22-ghidra-buttons.md	Buttons::read@0x0001dc1e; ButtonProvider@0x000f8466	../suunto-firmware/emulator/results/sapporo-production-button-upper.log	11d60b587afa6562d4bca24b1edb13d74ddfa7b9ea991fc9c5c6079af4011ebd	verified: GPIO 57/58/59 map to firmware IDs 0/1/2 and electrical low is logical pressed; the source and negative probe are reproducible.	The production probe did not reach the native sampler, and spatial upper/middle/lower labels remain provisional.
E-SAP-BACKLIGHT-001	verified	Sapporo 2.22.60.3383-P	00eba9e7e2a06263894d11030692daf6f3744f8937d84e0f3ff3c078b0516f41	../suunto-firmware/docs/research/backlight-pwm-boundary.md;../suunto-firmware/emulator/renode/peripherals/SapporoApollo4Extensions.cs	CTIMER9 setup at 0x0009b710/0x000bde80; MCUCTRL.CHIPREV at 0x4002000c; sapporo_timer offsets 0x320/0x328/0x32c/0x330	../suunto-firmware/emulator/results/sapporo-apollo4-mmio.trace	82a435c30af1175bd6ef38d6d21663c02aa5a04f2815dc4420377a72ea23d397	verified: the reproducible filtered firmware run records the CTIMER9 initialization sequence, OUTCFG104 value 0x12, counter/control value 0xA44, compare writes at 0x328/0x32c, and the model's deterministic refusal of unsupported PWM output.	This proves the initialization boundary and refusal path only; it does not prove luminance, GPIO electrical routing, panel behavior, or a successful CTIMER9 IRQ/output waveform.
E-SAP-HSPPAD143-001	missing	Sapporo 2.22.60.3383-P	00eba9e7e2a06263894d11030692daf6f3744f8937d84e0f3ff3c078b0516f41	../suunto-firmware/emulator/renode/pressure/SapporoHsppad143.cs	SapporoHsppad143.Write/Read/Reset	../suunto-firmware/emulator/results/sapporo-startup-request-probe.log	c987d798436da654ab17955e6830fd93f288086e42ceac5c5811ea56f0995357	missing: the native address and startup command observations exist, but an exact successful sensor transcript plus unknown-register refusal trace is not complete.	The C# identity/ready fixture and zero samples are not physical sensor evidence.
E-SAP-LSM6DSL-001	missing	Sapporo 2.22.60.3383-P	00eba9e7e2a06263894d11030692daf6f3744f8937d84e0f3ff3c078b0516f41	../suunto-firmware/emulator/renode/accelerometer/SapporoLsm6Dsl.cs	SapporoLsm6Dsl.Transmit/FinishTransmission/EndNativeTransaction/Reset	../suunto-firmware/emulator/results/sapporo-startup-request-probe.log	c987d798436da654ab17955e6830fd93f288086e42ceac5c5811ea56f0995357	missing: the two-phase native request is documented, but a successful WHO_AM_I/FIFO transcript and unknown-register refusal trace are absent.	The existing trace reaches the empty-FIFO failure; the model's 0x6a fixture is not proof of a device response.
E-SAP-TLI493D-001	missing	Sapporo 2.22.60.3383-P	00eba9e7e2a06263894d11030692daf6f3744f8937d84e0f3ff3c078b0516f41	../suunto-firmware/emulator/renode/wrist_magnetometer/SapporoTli493dW2bw.cs	SapporoTli493dW2bw.Write/Read/Reset	../suunto-firmware/emulator/results/sapporo-startup-request-probe.log	c987d798436da654ab17955e6830fd93f288086e42ceac5c5811ea56f0995357	missing: IOM2 address and configuration sequence are statically and diagnostically observed, but the required successful startup/sample and refusal traces are absent.	The zero-field DIAG=0x44 fixture is synthetic.
E-SAP-HAPTIC-001	missing	Sapporo 2.22.60.3383-P	00eba9e7e2a06263894d11030692daf6f3744f8937d84e0f3ff3c078b0516f41	../suunto-firmware/emulator/renode/haptic/SapporoHapticPmic.cs	SapporoHapticPmic.Write/Read/Reset	../suunto-firmware/emulator/results/sapporo-startup-request-probe.log	c987d798436da654ab17955e6830fd93f288086e42ceac5c5811ea56f0995357	missing: the native IOM4 address and register sequence are documented, but an exact positive/negative Sapporo PMIC transcript is not pinned here.	The immediate autotune completion is a Renode fixture, not physical calibration evidence.
E-SAP-OPT3007-001	missing	Sapporo 2.22.60.3383-P	00eba9e7e2a06263894d11030692daf6f3744f8937d84e0f3ff3c078b0516f41	../suunto-firmware/emulator/renode/ambient_light/SapporoOpt3007.cs	SapporoOpt3007.Write/Read/Reset	../suunto-firmware/emulator/results/sapporo-startup-request-probe.log	c987d798436da654ab17955e6830fd93f288086e42ceac5c5811ea56f0995357	missing: the native IOM3 write is observed, but a successful pointer/result exchange and refusal trace are not available.	The zero-lux register state is an explicit deterministic fixture.
E-SAP-MAX17050-001	missing	Sapporo 2.22.60.3383-P	00eba9e7e2a06263894d11030692daf6f3744f8937d84e0f3ff3c078b0516f41	../suunto-firmware/emulator/renode/iom4/SapporoApollo4Iom4.cs	SapporoMax17050.Write/Read/Reset			missing: no exact Sapporo 2.22.60 Status/VCell startup transcript and refusal trace is pinned in the required evidence trees.	The Renode run-check and generic battery fixture cannot establish board defaults or physical cell state.
E-SAP-CXD5610-001	verified	Sapporo 2.22.60.3383-P	00eba9e7e2a06263894d11030692daf6f3744f8937d84e0f3ff3c078b0516f41	../suunto-firmware/docs/research/cxd5610-gps-boundary.md	SapporoCxd5610Transport.WriteChar/Reset; uart1 at 0x4001d000	../suunto-firmware/emulator/results/sapporo-gps-probe-flow.log	3fc4b6a628fbfeda737d7f77662444036f601496cf8fbb5d3fdc1aedaf106dd2	verified: the native 921600 8N1 startup transport, $PSS framing boundary, and first @VER exchange are pinned by source and trace.	Later navigation commands, physical GNSS data, and non-startup lifecycle branches remain unsupported.
E-SAP-OHR2-001	verified	Sapporo 2.22.60.3383-P	00eba9e7e2a06263894d11030692daf6f3744f8937d84e0f3ff3c078b0516f41	../suunto-firmware/docs/research/ohr2-startup-handshake.md	SapporoOhr2Transport.Write/Read/Reset; GPIO62 ready	../suunto-firmware/emulator/results/sapporo-startup-request-probe.log	c987d798436da654ab17955e6830fd93f288086e42ceac5c5811ea56f0995357	verified: native IOM2 address 0x10, 59-byte write/58-byte read framing, CRC/sequence checks, ready-level ordering, and startup command sequence are traced.	Measurement-engine data and physical OHR responses are absent; zeroed startup bodies are synthetic compatibility data.
E-SAP-COMPAT-PROD-001	verified	Sapporo 2.22.60.3383-P	00eba9e7e2a06263894d11030692daf6f3744f8937d84e0f3ff3c078b0516f41	../suunto-firmware/docs/research/factory-calibration-records.md	ProductionData/ACCR parser; checksum at 0x000af180			static: record tags, fixed page layout, checksum coverage, and the synthetic-field boundary are documented without copying a factory page.	Authentic per-device ProductionData, ACCR, ACCC, MAGN, and HLAT payloads are missing.
E-SAP-COMPAT-GPS-001	verified	Sapporo 2.22.60.3383-P	00eba9e7e2a06263894d11030692daf6f3744f8937d84e0f3ff3c078b0516f41	../suunto-firmware/docs/research/cxd5610-gps-boundary.md	sapporo-gps-startup-fixture.resc; SapporoCxd5610Transport.WriteChar	../suunto-firmware/emulator/results/sapporo-gps-probe-flow.log	3fc4b6a628fbfeda737d7f77662444036f601496cf8fbb5d3fdc1aedaf106dd2	verified: the opt-in startup fixture's exact $PSS/@VER request-response transcript and 10 ms scheduling boundary are reproducibly traced.	The fixture is synthetic and does not provide physical GNSS/navigation data.
E-SAP-COMPAT-OHR-001	verified	Sapporo 2.22.60.3383-P	00eba9e7e2a06263894d11030692daf6f3744f8937d84e0f3ff3c078b0516f41	../suunto-firmware/docs/research/ohr2-startup-handshake.md	SapporoOhr2Transport.Write/Read; BSL-to-MAIN startup fixture	../suunto-firmware/emulator/results/sapporo-startup-request-probe.log	c987d798436da654ab17955e6830fd93f288086e42ceac5c5811ea56f0995357	verified: the compatibility transcript preserves command/sequence echo, CRC, ready high/low, fire-and-forget reboot, and BSL-to-MAIN startup ordering.	All returned application data is explicitly synthetic; no physical OHR capture is available.
E-NEMA-RING-001	verified	Sapporo 2.22.60.3383-P	00eba9e7e2a06263894d11030692daf6f3744f8937d84e0f3ff3c078b0516f41	../suunto-firmware/emulator/renode/graphics/SapporoNemaP.cs	SapporoNemaP.WriteDoubleWord; CMDRINGSTOP bootstrap	../suunto-firmware/emulator/display/captures/sapporo-native-command-ring.bin	61714ff851c4cd5ef851bce76859a597261b62c815ffd58e19fe4172980f1ff3	verified: the byte-exact ring bootstrap and wrap trailer are pinned; bootstrap writes no CLID/CL_PUSH completion and must not raise an IRQ.	The capture is not an active render submission and contains no framebuffer or texture target.
E-NEMA-LISTS-001	verified	Sapporo 2.22.60.3383-P	00eba9e7e2a06263894d11030692daf6f3744f8937d84e0f3ff3c078b0516f41	../suunto-firmware/emulator/renode/graphics/SapporoNemaP.cs	SapporoNemaP.ExecuteObservedChild/ExecuteObservedDraw	../suunto-firmware/emulator/display/captures/nema-first-frame/sapporo-native-command-lists.json	9cfa29121b6e25a9a4c23d605ec4f2f6dd0c28d127042074df0ff7bba75567f7	verified: the ordered post-bind list manifest identifies two RGB565 surface binds, preload, clear geometry, A2LE draws, clip/target bounds, and the entry-count interpretation.	Older prefix-only captures and unmatched tails are not complete lists; GPU timing/IRQ completion is a separate evidence row.
E-NEMA-TEXTURE-001	verified	Sapporo 2.22.60.3383-P	00eba9e7e2a06263894d11030692daf6f3744f8937d84e0f3ff3c078b0516f41	../suunto-firmware/emulator/renode/graphics/SapporoNemaP.cs	SapporoNemaP.ExecuteA2Mask/ExecuteRgba4444Texture	../suunto-firmware/emulator/display/captures/nema-first-frame/sapporo-native-command-lists.json	9cfa29121b6e25a9a4c23d605ec4f2f6dd0c28d127042074df0ff7bba75567f7	verified: complete-list provenance identifies four bounded A2LE source fixtures with exact stride/resolution descriptors and three observed draws.	TSC6A/private shader decoding, RGBA4444 acceptance, and unobserved filtering remain unsupported.
E-NEMA-A2LE-001	missing	Sapporo 2.22.60.3383-P	00eba9e7e2a06263894d11030692daf6f3744f8937d84e0f3ff3c078b0516f41	../suunto-firmware/docs/research/nema-a2le-blend-semantics.md	SapporoNemaP.BlendArgb/ExecuteA2Mask	../suunto-firmware/emulator/results/sapporo-nema-api-semantics.log	81a9c988acfa374901d88b4c9d2737da3f148a2bb3a62202bb93cf60a8a53b7c	missing: straight-alpha tint-over-RGB565 and A2LE levels are proven, but exact intermediate rounding/pixel-center vectors are explicitly unresolved.	Only endpoint coverage and formula-level behavior may be used; bit-identical edge pixels remain blocked.
E-NEMA-PANEL-001	missing	Sapporo 2.22.60.3383-P	00eba9e7e2a06263894d11030692daf6f3744f8937d84e0f3ff3c078b0516f41	../suunto-firmware/emulator/renode/graphics/SapporoNemaP.cs	SapporoNemaP.CommitObservedPanelRegion/PublishChangedFrame	../suunto-firmware/emulator/results/sapporo-native-live-evidence/renode.log	60c7c4b69e829f992c32dd802f313338ca6559a0289b36ad1855bd7eaf4736fe	missing: renderer publication and DIAP4 half ordering are observable, but physical panel completion, wire byte order, and a native panel-byte capture are not proven.	Do not treat a 115200-byte renderer export as a physical-panel frame.
E-SAP-INPUT-REPLAY-001	verified	Sapporo 2.22.60.3383-P	00eba9e7e2a06263894d11030692daf6f3744f8937d84e0f3ff3c078b0516f41	../suunto-firmware/docs/research/native-live-ui-navigation.md	ButtonProvider event 0x000f8466; Buttons::read@0x0001dc1e	../suunto-firmware/emulator/results/sapporo-native-live-evidence/buttons.jsonl	577ba99e710247b9e3cbb5d276303fdbb056df6c5a2a333a2da5ae9b9bfc2ecd	verified: the native JSONL records deterministic upper/middle/lower down/up ordering through the recovered semantic input boundary.	Spatial naming remains provisional; this row does not establish SDL key choices or a replay parser.
